3,-5,mgsbIUwBLhfJor25P/x4tr3W7uU=,9SEV3G7oGiIwX24HDLIv4WtVKsw=
5,-4,mgsbIUwBLhfJor25P/x4tr3W7uU=,9SEV3G7oGiIwX24HDLIv4WtVKsw=
3,-6,mgsbIUwBLhfJor25P/x4tr3W7uU=,9SEV3G7oGiIwX24HDLIv4WtVKsw=
4,-4,mgsbIUwBLhfJor25P/x4tr3W7uU=,9SEV3G7oGiIwX24HDLIv4WtVKsw=
4,-5,mgsbIUwBLhfJor25P/x4tr3W7uU=,9SEV3G7oGiIwX24HDLIv4WtVKsw=
3,-4,mgsbIUwBLhfJor25P/x4tr3W7uU=,9SEV3G7oGiIwX24HDLIv4WtVKsw=
2,-5,mgsbIUwBLhfJor25P/x4tr3W7uU=,9SEV3G7oGiIwX24HDLIv4WtVKsw=
2,-4,mgsbIUwBLhfJor25P/x4tr3W7uU=,9SEV3G7oGiIwX24HDLIv4WtVKsw=
2,-6,mgsbIUwBLhfJor25P/x4tr3W7uU=,9SEV3G7oGiIwX24HDLIv4WtVKsw=
4,-6,mgsbIUwBLhfJor25P/x4tr3W7uU=,9SEV3G7oGiIwX24HDLIv4WtVKsw=
5,-6,mgsbIUwBLhfJor25P/x4tr3W7uU=,9SEV3G7oGiIwX24HDLIv4WtVKsw=
2,-3,mgsbIUwBLhfJor25P/x4tr3W7uU=,9SEV3G7oGiIwX24HDLIv4WtVKsw=
5,-5,mgsbIUwBLhfJor25P/x4tr3W7uU=,9SEV3G7oGiIwX24HDLIv4WtVKsw=
3,-3,mgsbIUwBLhfJor25P/x4tr3W7uU=,9SEV3G7oGiIwX24HDLIv4WtVKsw=
5,-3,mgsbIUwBLhfJor25P/x4tr3W7uU=,9SEV3G7oGiIwX24HDLIv4WtVKsw=
4,-3,mgsbIUwBLhfJor25P/x4tr3W7uU=,9SEV3G7oGiIwX24HDLIv4WtVKsw=
8,-2,mgsbIUwBLhfJor25P/x4tr3W7uU=,9SEV3G7oGiIwX24HDLIv4WtVKsw=
9,-3,mgsbIUwBLhfJor25P/x4tr3W7uU=,9SEV3G7oGiIwX24HDLIv4WtVKsw=
8,-6,mgsbIUwBLhfJor25P/x4tr3W7uU=,9SEV3G7oGiIwX24HDLIv4WtVKsw=
8,-1,mgsbIUwBLhfJor25P/x4tr3W7uU=,9SEV3G7oGiIwX24HDLIv4WtVKsw=
9,-5,mgsbIUwBLhfJor25P/x4tr3W7uU=,9SEV3G7oGiIwX24HDLIv4WtVKsw=
7,-1,mgsbIUwBLhfJor25P/x4tr3W7uU=,9SEV3G7oGiIwX24HDLIv4WtVKsw=
8,-5,mgsbIUwBLhfJor25P/x4tr3W7uU=,9SEV3G7oGiIwX24HDLIv4WtVKsw=
9,-1,mgsbIUwBLhfJor25P/x4tr3W7uU=,9SEV3G7oGiIwX24HDLIv4WtVKsw=
8,-3,mgsbIUwBLhfJor25P/x4tr3W7uU=,9SEV3G7oGiIwX24HDLIv4WtVKsw=
0,-6,mgsbIUwBLhfJor25P/x4tr3W7uU=,9SEV3G7oGiIwX24HDLIv4WtVKsw=
9,-2,mgsbIUwBLhfJor25P/x4tr3W7uU=,9SEV3G7oGiIwX24HDLIv4WtVKsw=
7,-5,YSr6YCIdB4hmc8v2Rc5L83WqwII=,9SEV3G7oGiIwX24HDLIv4WtVKsw=
7,-6,YSr6YCIdB4hmc8v2Rc5L83WqwII=,9SEV3G7oGiIwX24HDLIv4WtVKsw=
0,-5,YSr6YCIdB4hmc8v2Rc5L83WqwII=,9SEV3G7oGiIwX24HDLIv4WtVKsw=
0,-3,YSr6YCIdB4hmc8v2Rc5L83WqwII=,9SEV3G7oGiIwX24HDLIv4WtVKsw=
1,-4,YSr6YCIdB4hmc8v2Rc5L83WqwII=,9SEV3G7oGiIwX24HDLIv4WtVKsw=
9,-6,YSr6YCIdB4hmc8v2Rc5L83WqwII=,9SEV3G7oGiIwX24HDLIv4WtVKsw=
8,-4,YSr6YCIdB4hmc8v2Rc5L83WqwII=,9SEV3G7oGiIwX24HDLIv4WtVKsw=
7,-2,YSr6YCIdB4hmc8v2Rc5L83WqwII=,9SEV3G7oGiIwX24HDLIv4WtVKsw=
9,-4,YSr6YCIdB4hmc8v2Rc5L83WqwII=,9SEV3G7oGiIwX24HDLIv4WtVKsw=
0,-2,YSr6YCIdB4hmc8v2Rc5L83WqwII=,9SEV3G7oGiIwX24HDLIv4WtVKsw=
6,-6,YSr6YCIdB4hmc8v2Rc5L83WqwII=,9SEV3G7oGiIwX24HDLIv4WtVKsw=
0,-4,YSr6YCIdB4hmc8v2Rc5L83WqwII=,9SEV3G7oGiIwX24HDLIv4WtVKsw=
6,-3,YSr6YCIdB4hmc8v2Rc5L83WqwII=,9SEV3G7oGiIwX24HDLIv4WtVKsw=
1,-6,YSr6YCIdB4hmc8v2Rc5L83WqwII=,9SEV3G7oGiIwX24HDLIv4WtVKsw=
1,-3,YSr6YCIdB4hmc8v2Rc5L83WqwII=,9SEV3G7oGiIwX24HDLIv4WtVKsw=
7,-4,YSr6YCIdB4hmc8v2Rc5L83WqwII=,9SEV3G7oGiIwX24HDLIv4WtVKsw=
7,-3,YSr6YCIdB4hmc8v2Rc5L83WqwII=,9SEV3G7oGiIwX24HDLIv4WtVKsw=
6,-2,YSr6YCIdB4hmc8v2Rc5L83WqwII=,9SEV3G7oGiIwX24HDLIv4WtVKsw=
6,-1,YSr6YCIdB4hmc8v2Rc5L83WqwII=,9SEV3G7oGiIwX24HDLIv4WtVKsw=
1,-5,YSr6YCIdB4hmc8v2Rc5L83WqwII=,9SEV3G7oGiIwX24HDLIv4WtVKsw=
1,-1,YSr6YCIdB4hmc8v2Rc5L83WqwII=,9SEV3G7oGiIwX24HDLIv4WtVKsw=
9,-7,YSr6YCIdB4hmc8v2Rc5L83WqwII=,9SEV3G7oGiIwX24HDLIv4WtVKsw=
10,-8,YSr6YCIdB4hmc8v2Rc5L83WqwII=,9SEV3G7oGiIwX24HDLIv4WtVKsw=
4,-1,YSr6YCIdB4hmc8v2Rc5L83WqwII=,9SEV3G7oGiIwX24HDLIv4WtVKsw=
10,-7,YSr6YCIdB4hmc8v2Rc5L83WqwII=,9SEV3G7oGiIwX24HDLIv4WtVKsw=
0,-1,YSr6YCIdB4hmc8v2Rc5L83WqwII=,9SEV3G7oGiIwX24HDLIv4WtVKsw=
6,-4,YSr6YCIdB4hmc8v2Rc5L83WqwII=,9SEV3G7oGiIwX24HDLIv4WtVKsw=
6,-5,YSr6YCIdB4hmc8v2Rc5L83WqwII=,9SEV3G7oGiIwX24HDLIv4WtVKsw=
7,-8,YSr6YCIdB4hmc8v2Rc5L83WqwII=,9SEV3G7oGiIwX24HDLIv4WtVKsw=
6,-7,YSr6YCIdB4hmc8v2Rc5L83WqwII=,9SEV3G7oGiIwX24HDLIv4WtVKsw=
3,-1,YSr6YCIdB4hmc8v2Rc5L83WqwII=,9SEV3G7oGiIwX24HDLIv4WtVKsw=
5,-1,YSr6YCIdB4hmc8v2Rc5L83WqwII=,9SEV3G7oGiIwX24HDLIv4WtVKsw=
1,-2,YSr6YCIdB4hmc8v2Rc5L83WqwII=,9SEV3G7oGiIwX24HDLIv4WtVKsw=
2,-1,YSr6YCIdB4hmc8v2Rc5L83WqwII=,9SEV3G7oGiIwX24HDLIv4WtVKsw=
8,-8,YSr6YCIdB4hmc8v2Rc5L83WqwII=,9SEV3G7oGiIwX24HDLIv4WtVKsw=
9,-8,YSr6YCIdB4hmc8v2Rc5L83WqwII=,9SEV3G7oGiIwX24HDLIv4WtVKsw=
8,-7,YSr6YCIdB4hmc8v2Rc5L83WqwII=,9SEV3G7oGiIwX24HDLIv4WtVKsw=
2,-2,YSr6YCIdB4hmc8v2Rc5L83WqwII=,9SEV3G7oGiIwX24HDLIv4WtVKsw=
6,-8,YSr6YCIdB4hmc8v2Rc5L83WqwII=,9SEV3G7oGiIwX24HDLIv4WtVKsw=
4,-2,YSr6YCIdB4hmc8v2Rc5L83WqwII=,9SEV3G7oGiIwX24HDLIv4WtVKsw=
3,-2,YSr6YCIdB4hmc8v2Rc5L83WqwII=,9SEV3G7oGiIwX24HDLIv4WtVKsw=
7,-7,YSr6YCIdB4hmc8v2Rc5L83WqwII=,9SEV3G7oGiIwX24HDLIv4WtVKsw=
5,-2,YSr6YCIdB4hmc8v2Rc5L83WqwII=,9SEV3G7oGiIwX24HDLIv4WtVKsw=
10,-5,YSr6YCIdB4hmc8v2Rc5L83WqwII=,9SEV3G7oGiIwX24HDLIv4WtVKsw=
10,-1,YSr6YCIdB4hmc8v2Rc5L83WqwII=,9SEV3G7oGiIwX24HDLIv4WtVKsw=
10,-2,YSr6YCIdB4hmc8v2Rc5L83WqwII=,9SEV3G7oGiIwX24HDLIv4WtVKsw=
10,-3,YSr6YCIdB4hmc8v2Rc5L83WqwII=,9SEV3G7oGiIwX24HDLIv4WtVKsw=
10,-6,YSr6YCIdB4hmc8v2Rc5L83WqwII=,9SEV3G7oGiIwX24HDLIv4WtVKsw=
10,-4,YSr6YCIdB4hmc8v2Rc5L83WqwII=,9SEV3G7oGiIwX24HDLIv4WtVKsw=
3,-8,YSr6YCIdB4hmc8v2Rc5L83WqwII=,9SEV3G7oGiIwX24HDLIv4WtVKsw=
5,-8,YSr6YCIdB4hmc8v2Rc5L83WqwII=,9SEV3G7oGiIwX24HDLIv4WtVKsw=
4,-8,YSr6YCIdB4hmc8v2Rc5L83WqwII=,9SEV3G7oGiIwX24HDLIv4WtVKsw=
0,-8,YSr6YCIdB4hmc8v2Rc5L83WqwII=,9SEV3G7oGiIwX24HDLIv4WtVKsw=
2,-8,YSr6YCIdB4hmc8v2Rc5L83WqwII=,9SEV3G7oGiIwX24HDLIv4WtVKsw=
1,-8,YSr6YCIdB4hmc8v2Rc5L83WqwII=,9SEV3G7oGiIwX24HDLIv4WtVKsw=
3,-7,YSr6YCIdB4hmc8v2Rc5L83WqwII=,9SEV3G7oGiIwX24HDLIv4WtVKsw=
2,-7,YSr6YCIdB4hmc8v2Rc5L83WqwII=,9SEV3G7oGiIwX24HDLIv4WtVKsw=
5,-7,YSr6YCIdB4hmc8v2Rc5L83WqwII=,9SEV3G7oGiIwX24HDLIv4WtVKsw=
1,-7,YSr6YCIdB4hmc8v2Rc5L83WqwII=,9SEV3G7oGiIwX24HDLIv4WtVKsw=
4,-7,YSr6YCIdB4hmc8v2Rc5L83WqwII=,9SEV3G7oGiIwX24HDLIv4WtVKsw=
0,-7,YSr6YCIdB4hmc8v2Rc5L83WqwII=,9SEV3G7oGiIwX24HDLIv4WtVKsw=
